[
    {
        "id": 1,
        "belongRow": "新功能",
        "tipTitle": "一起观看和聆听",
        "tipDetails": "在FaceTime通话期间，打开音乐App，然后轻点“播放”。“同播共享”可同步您的播放，当您播放或暂停时，每个人都会保持同步。\n并非所有App都支持。",
        "isButton": false,
        "url": "NULL",
        "isSFsymbol": false,
        "textNum": 0,
        "showmode": "video",
        "pageId": 1
    },
    {
        "id": 2,
        "belongRow": "新功能",
        "tipTitle": "查看与您共享的内容",
        "tipDetails": "查看App的“与您共享”部分，即可查找“信息”中他人发给您的照片、音乐、网站和其他内容。若要回复，请轻点发件人的名字。",
        "isButton": false,
        "url": "NULL",
        "isSFsymbol": false,
        "textNum": 0,
        "showmode": "video",
        "pageId": 2
    },
    {
        "id": 3,
        "belongRow": "新功能",
        "tipTitle": "保持专注",
        "tipDetails": "在工作和锻炼等活动时静音无关通知。从底部向上轻扫以打开“控制中心”，然后轻点“专注”。",
        "isButton": false,
        "url": "NULL",
        "isSFsymbol": false,
        "textNum": 0,
        "showmode": "video",
        "pageId": 3
    },
    {
        "id": 4,
        "belongRow": "新功能",
        "tipTitle": "获取通知摘要",
        "tipDetails": "在适合您的时间查看通知。前往“设置”，轻点“通知”，然后轻点“定时推送摘要”。",
        "isButton": true,
        "url": "NULL",
        "isSFsymbol": false,
        "textNum": 0,
        "showmode": "image",
        "pageId": 4
    },
    {
        "id": 5,
        "belongRow": "新功能",
        "tipTitle": "使用“标签页组”进行整理",
        "tipDetails": "Additional Processing",
        "isButton": false,
        "url": "NULL",
        "isSFsymbol": true,
        "textNum": 1,
        "showmode": "image",
        "pageId": 5
    },
    {
        "id": 6,
        "belongRow": "新功能",
        "tipTitle": "轻点一下翻译文本",
        "tipDetails": "您可以翻译PDF、信息和其他App中的文本。选择文本，然后轻点“翻译”。\n英语、中文、法语、意大利语、德语、葡萄牙语、西班牙语、俄语、阿拉伯语、日语和韩语可用。",
        "isButton": false,
        "url": "NULL",
        "isSFsymbol": false,
        "textNum": 0,
        "showmode": "video",
        "pageId": 6
    },
    {
        "id": 7,
        "belongRow": "新功能",
        "tipTitle": "进一步了解",
        "tipDetails": "访问apple.com了解更多新功能。",
        "isButton": true,
        "url": "NULL",
        "isSFsymbol": false,
        "textNum": 0,
        "showmode": "video",
        "pageId": 7
    },
    {
        "id": 8,
        "belongRow": "欢迎使用iPhone",
        "tipTitle": "触控ID",
        "tipDetails": "使用指纹即可安全解锁iPhone、使用Apple Pay等。若要添加更多指纹，请前往“设置”＞“触控ID与密码”。",
        "isButton": false,
        "url": "NULL",
        "isSFsymbol": false,
        "textNum": 0,
        "showmode": "video",
        "pageId": 1
    },
    {
        "id": 9,
        "belongRow": "欢迎使用iPhone",
        "tipTitle": "打开控制中心",
        "tipDetails": "若要快速更改屏幕亮度、控制音频等，请从屏幕底部向上轻扫。",
        "isButton": false,
        "url": "NULL",
        "isSFsymbol": false,
        "textNum": 0,
        "showmode": "video",
        "pageId": 2
    },
    {
        "id": 10,
        "belongRow": "欢迎使用iPhone",
        "tipTitle": "询问Siri",
        "tipDetails": "按住主屏幕按钮并提出请求，例如，“告诉楚然我15分钟后到家”。也可不用动手，随时说“嘿Siri”。",
        "isButton": false,
        "url": "NULL",
        "isSFsymbol": false,
        "textNum": 0,
        "showmode": "video",
        "pageId": 3
    },
    {
        "id": 11,
        "belongRow": "欢迎使用iPhone",
        "tipTitle": "静音通话和通知",
        "tipDetails": "若要打开静音模式，请朝iPhone背面拨动“响铃／静音”开关。您设定的闹钟仍会发出声音。",
        "isButton": false,
        "url": "NULL",
        "isSFsymbol": false,
        "textNum": 0,
        "showmode": "video",
        "pageId": 4
    },
    {
        "id": 12,
        "belongRow": "欢迎使用iPhone",
        "tipTitle": "通过轻扫来快速键入",
        "tipDetails": "若要键入中文或英文字词或短语，请连续从一个字母移至另一个字母，中途不松开手指。",
        "isButton": false,
        "url": "NULL",
        "isSFsymbol": false,
        "textNum": 0,
        "showmode": "video",
        "pageId": 5
    },
    {
        "id": 13,
        "belongRow": "欢迎使用iPhone",
        "tipTitle": "快速支付",
        "tipDetails": "Additional Processing",
        "isButton": false,
        "url": "NULL",
        "isSFsymbol": true,
        "textNum": 2,
        "showmode": "video",
        "pageId": 6
    },
    {
        "id": 14,
        "belongRow": "欢迎使用iPhone",
        "tipTitle": "在App间切换",
        "tipDetails": "若要返回到最近使用的App，请连按两次主屏幕按钮，然后轻点以打开App。",
        "isButton": false,
        "url": "NULL",
        "isSFsymbol": false,
        "textNum": 0,
        "showmode": "video",
        "pageId": 7
    },
    {
        "id": 15,
        "belongRow": "欢迎使用iPhone",
        "tipTitle": "无线充电",
        "tipDetails": "将iPhone放在兼容的充电器上进行无线充电。",
        "isButton": false,
        "url": "NULL",
        "isSFsymbol": false,
        "textNum": 0,
        "showmode": "video",
        "pageId": 8
    },
    {
        "id": 16,
        "belongRow": "基本功能",
        "tipTitle": "打电话给朋友",
        "tipDetails": "如果您忘记了密码，可从信任的朋友和家人处获得帮助。若要设置“帐户恢复联系人”，请前往“设置”＞您的姓名＞“密码与安全性”＞“帐户恢复”。",
        "isButton": true,
        "url": "NULL",
        "isSFsymbol": false,
        "textNum": 0,
        "showmode": "image",
        "pageId": 1
    },
    {
        "id": 17,
        "belongRow": "基本功能",
        "tipTitle": "快速回应",
        "tipDetails": "Additional Processing",
        "isButton": false,
        "url": "NULL",
        "isSFsymbol": true,
        "textNum": 3,
        "showmode": "image",
        "pageId": 2
    },
    {
        "id": 18,
        "belongRow": "基本功能",
        "tipTitle": "快速查找照片",
        "tipDetails": "“照片”可识别图片中的地点和对象，方便您进行搜索。可搜索如“海滩”、“生日蛋糕”或“狗”等内容。",
        "isButton": false,
        "url": "NULL",
        "isSFsymbol": false,
        "textNum": 0,
        "showmode": "image",
        "pageId": 3
    },
    {
        "id": 19,
        "belongRow": "基本功能",
        "tipTitle": "截屏",
        "tipDetails": "按下主屏幕按钮和睡眠／唤醒按钮并快速松开。轻点缩略图以标记或共享截屏。或者稍后在“照片”中进行查看。",
        "isButton": false,
        "url": "NULL",
        "isSFsymbol": false,
        "textNum": 0,
        "showmode": "image",
        "pageId": 4
    },
    {
        "id": 20,
        "belongRow": "基本功能",
        "tipTitle": "查看信息发送时间",
        "tipDetails": "向左拖动信息气泡可查看它的发送时间。",
        "isButton": false,
        "url": "NULL",
        "isSFsymbol": false,
        "textNum": 0,
        "showmode": "image",
        "pageId": 5
    },
    {
        "id": 21,
        "belongRow": "基本功能",
        "tipTitle": "使用隔空投送共享",
        "tipDetails": "Additional Processing",
        "isButton": false,
        "url": "NULL",
        "isSFsymbol": true,
        "textNum": 4,
        "showmode": "image",
        "pageId": 6
    },
    {
        "id": 22,
        "belongRow": "基本功能",
        "tipTitle": "查找iPhone",
        "tipDetails": "“查找”App可帮助您定位iPhone。打开“查找”，然后轻点“设备”。",
        "isButton": false,
        "url": "NULL",
        "isSFsymbol": false,
        "textNum": 0,
        "showmode": "image",
        "pageId": 7
    },
    {
        "id": 23,
        "belongRow": "基本功能",
        "tipTitle": "全家人的储存空间",
        "tipDetails": "家庭成员可共享同一个iCloud储存空间方案，同时又拥有各自的储存空间。前往“设置”，轻点您的姓名，然后轻点“家人共享”。",
        "isButton": false,
        "url": "NULL",
        "isSFsymbol": false,
        "textNum": 0,
        "showmode": "image",
        "pageId": 8
    },
    {
        "id": 24,
        "belongRow": "基本功能",
        "tipTitle": "设备不同，照片相同",
        "tipDetails": "拍摄或编辑照片，它会在您的所有设备上更新。前往“设置”＞您的姓名＞iCloud＞“照片”，然后打开 “iCloud照片”。",
        "isButton": false,
        "url": "NULL",
        "isSFsymbol": false,
        "textNum": 0,
        "showmode": "image",
        "pageId": 9
    },
    {
        "id": 25,
        "belongRow": "Genius精选",
        "tipTitle": "在iPhone上编辑文稿",
        "tipDetails": "Additional Processing",
        "isButton": false,
        "url": "NULL",
        "isSFsymbol": false,
        "textNum": 5,
        "showmode": "image",
        "pageId": 1
    },
    {
        "id": 26,
        "belongRow": "Genius精选",
        "tipTitle": "查看歌曲记录",
        "tipDetails": "在“控制中心”中，按住“音乐识别”以重新查看最近识别的歌曲。轻点歌曲以查看更多详细信息或聆听。",
        "isButton": false,
        "url": "NULL",
        "isSFsymbol": false,
        "textNum": 0,
        "showmode": "image",
        "pageId": 2
    },
    {
        "id": 27,
        "belongRow": "Genius精选",
        "tipTitle": "快速切换标签页",
        "tipDetails": "在Safari浏览器中，左右轻扫地址栏以在标签页之间切换，或者向上轻扫以查看打开的标签页。",
        "isButton": false,
        "url": "NULL",
        "isSFsymbol": false,
        "textNum": 0,
        "showmode": "image",
        "pageId": 3
    },
    {
        "id": 28,
        "belongRow": "Genius精选",
        "tipTitle": "打开轻App",
        "tipDetails": "网站横幅中显示了轻App时，轻点“打开”即可快速订餐、租借滑板车或查看您享有的支持保障服务，无需下载完整App。",
        "isButton": false,
        "url": "NULL",
        "isSFsymbol": false,
        "textNum": 0,
        "showmode": "image",
        "pageId": 4
    },
    {
        "id": 29,
        "belongRow": "Genius精选",
        "tipTitle": "查看天气地图",
        "tipDetails": "Additional Processing",
        "isButton": false,
        "url": "NULL",
        "isSFsymbol": false,
        "textNum": 6,
        "showmode": "image",
        "pageId": 5
    },
    {
        "id": 30,
        "belongRow": "Genius精选",
        "tipTitle": "说话代替打字",
        "tipDetails": "Additional Processing",
        "isButton": false,
        "url": "NULL",
        "isSFsymbol": false,
        "textNum": 7,
        "showmode": "image",
        "pageId": 6
    },
    {
        "id": 31,
        "belongRow": "Genius精选",
        "tipTitle": "轻松编辑文本",
        "tipDetails": "需要更正错字？按住空格键，然后滑动手指便可放置插入点。或者将插入点拖到您想要的位置。",
        "isButton": false,
        "url": "NULL",
        "isSFsymbol": false,
        "textNum": 0,
        "showmode": "image",
        "pageId": 7
    },
    {
        "id": 32,
        "belongRow": "Genius精选",
        "tipTitle": "拷贝和粘贴",
        "tipDetails": "选择图像或文本，然后三指捏合以拷贝。三指张开以粘贴。",
        "isButton": false,
        "url": "NULL",
        "isSFsymbol": false,
        "textNum": 0,
        "showmode": "image",
        "pageId": 8
    },
    {
        "id": 33,
        "belongRow": "Genius精选",
        "tipTitle": "轻扫撤销",
        "tipDetails": "出错了吗？三指向左轻扫。若要重做，请用三指向右轻扫。",
        "isButton": false,
        "url": "NULL",
        "isSFsymbol": false,
        "textNum": 0,
        "showmode": "image",
        "pageId": 9
    },
    {
        "id": 35,
        "belongRow": "Genius精选",
        "tipTitle": "轻松查找信息",
        "tipDetails": "未知发件人发送给您的信息会被自动分类到不同文件夹中，如“交易信息”、“推广信息”或“垃圾信息”。若要查看来自联系人或您发过信息的人的信息，请轻点“已知发件人”。",
        "isButton": false,
        "url": "NULL",
        "isSFsymbol": false,
        "textNum": 0,
        "showmode": "image",
        "pageId": 10
    },
    {
        "id": 36,
        "belongRow": "Genius精选",
        "tipTitle": "检查车牌限行信息",
        "tipDetails": "“地图”可告诉您能否在市内行车，还是需要绕行。若要添加您的车牌信息，请轻点个人头像，然后轻点“车辆”。",
        "isButton": false,
        "url": "NULL",
        "isSFsymbol": false,
        "textNum": 0,
        "showmode": "image",
        "pageId": 11
    },
    {
        "id": 37,
        "belongRow": "Genius精选",
        "tipTitle": "快速扫描二维码",
        "tipDetails": "从屏幕底部向上轻扫以打开“控制中心”，然后轻点眼。",
        "isButton": false,
        "url": "NULL",
        "isSFsymbol": false,
        "textNum": 0,
        "showmode": "image",
        "pageId": 12
    },
    {
        "id": 38,
        "belongRow": "Genius精选",
        "tipTitle": "归类商务短信",
        "tipDetails": "将商务信息分类到不同的文件夹中，如“交易信息”或“推广信息”。安装第三方短信过滤App，然后前往“设置”＞“信息”＞“未知与过滤信息”以启用它。",
        "isButton": false,
        "url": "NULL",
        "isSFsymbol": false,
        "textNum": 0,
        "showmode": "image",
        "pageId": 13
    },
    {
        "id": 39,
        "belongRow": "Genius精选",
        "tipTitle": "自定信息通知",
        "tipDetails": "打开“短信过滤”后，您可以选取哪些文件夹允许通知。前往“设置”＞“通知”＞“信息”＞“自定通知”，然后打开或关闭每个文件夹的通知。",
        "isButton": false,
        "url": "NULL",
        "isSFsymbol": false,
        "textNum": 0,
        "showmode": "image",
        "pageId": 14
    },
    {
        "id": 40,
        "belongRow": "Genius精选",
        "tipTitle": "在九宫格键盘上快速选择正确的拼音音节",
        "tipDetails": "键入句子或短语的拼音后，您可以轻点每个拼音音节以快速获得更准确的结果。",
        "isButton": false,
        "url": "NULL",
        "isSFsymbol": false,
        "textNum": 0,
        "showmode": "image",
        "pageId": 15
    },
    {
        "id": 41,
        "belongRow": "Genius精选",
        "tipTitle": "添加成语词典",
        "tipDetails": "前往“设置”＞“通用”＞“词典”，向下滚动列表，然后轻点“汉语成语词典”。",
        "isButton": false,
        "url": "NULL",
        "isSFsymbol": false,
        "textNum": 0,
        "showmode": "image",
        "pageId": 16
    },
    {
        "id": 42,
        "belongRow": "辅助功能",
        "tipTitle": "调整文字大小",
        "tipDetails": "将iPhone上的文字设为更大或更小，以适合您的需求。前往“设置”＞“辅助功能”＞“显示与文字大小”",
        "isButton": true,
        "url": "NULL",
        "isSFsymbol": false,
        "textNum": 0,
        "showmode": "image",
        "pageId": 1
    },
    {
        "id": 43,
        "belongRow": "辅助功能",
        "tipTitle": "播放令人平静的背景音",
        "tipDetails": "直接从“控制中心”播放海洋或雨声等声音，帮助最小化干扰。若要添加，请前往“设置”，轻点“控制中心”，然后选取“听觉”。",
        "isButton": true,
        "url": "NULL",
        "isSFsymbol": false,
        "textNum": 0,
        "showmode": "image",
        "pageId": 2
    },
    {
        "id": 44,
        "belongRow": "辅助功能",
        "tipTitle": "通过轻点背面快速执行任务",
        "tipDetails": "轻点两下或轻点三下iPhone背面，即可执行截屏或打开手电筒等操作。若要设置，请前往“设置”＞“辅 助功能”＞“触控”＞“轻点背面”。",
        "isButton": true,
        "url": "NULL",
        "isSFsymbol": false,
        "textNum": 0,
        "showmode": "image",
        "pageId": 3
    },
    {
        "id": 45,
        "belongRow": "辅助功能",
        "tipTitle": "放大附近的物体",
        "tipDetails": "将“放大器”添加到“控制中心”，便于您可以在光线昏暗的餐厅快速查看菜单，以及在机场查看航班列表等。前往“设置”，轻点“控制中心”，然后选取“放大 器”。",
        "isButton": true,
        "url": "NULL",
        "isSFsymbol": false,
        "textNum": 0,
        "showmode": "image",
        "pageId": 4
    },
    {
        "id": 46,
        "belongRow": "辅助功能",
        "tipTitle": "使用iPhone识别声音",
        "tipDetails": "iPhone可聆听某些声音，并在检测到这些声音时通知您。前往“设置”＞“辅助功能”＞“声音识别”。",
        "isButton": true,
        "url": "NULL",
        "isSFsymbol": false,
        "textNum": 0,
        "showmode": "image",
        "pageId": 5
    },
    {
        "id": 47,
        "belongRow": "辅助功能",
        "tipTitle": "设置辅助功能快捷键",
        "tipDetails": "您可以连按三次主屏幕按钮以快速打开或关闭辅助功能。例如，打开“色彩滤镜”以更好地查看某些App。前往“设置”＞“辅助功能”＞“辅助功能快捷键”，然后选择功能。",
        "isButton": true,
        "url": "NULL",
        "isSFsymbol": false,
        "textNum": 0,
        "showmode": "image",
        "pageId": 6
    },
    {
        "id": 48,
        "belongRow": "辅助功能",
        "tipTitle": "聆听屏幕上的内容",
        "tipDetails": "聆听朗读的电子邮件、网页和其他文本。前往“设置”＞“辅助功能”＞“朗读内容”，然后打开“朗读屏幕”。若要聆听内容，请双指从顶部向下轻扫。",
        "isButton": true,
        "url": "NULL",
        "isSFsymbol": false,
        "textNum": 0,
        "showmode": "image",
        "pageId": 7
    },
    {
        "id": 49,
        "belongRow": "辅助功能",
        "tipTitle": "通过简化手势控制iPhone",
        "tipDetails": "使用辅助触控前往主屏幕、激活Siri，以及使用轻点一下替换其他手势。前往“设置”＞“辅助功能”＞“触 控”＞“辅助触控”。",
        "isButton": true,
        "url": "NULL",
        "isSFsymbol": false,
        "textNum": 0,
        "showmode": "image",
        "pageId": 8
    },
    {
        "id": 50,
        "belongRow": "辅助功能",
        "tipTitle": "保持在一个App中",
        "tipDetails": "打开“引导式访问”以暂时将iPhone限制在单一App，并防止意外手势。前往“设置”＞“辅助功能”＞“引导式访问”。在想要使用的App中，连按三次主屏幕按钮。",
        "isButton": true,
        "url": "NULL",
        "isSFsymbol": false,
        "textNum": 0,
        "showmode": "image",
        "pageId": 9
    },
    {
        "id": 51,
        "belongRow": "摄影",
        "tipTitle": "设定照片计时器",
        "tipDetails": "Additional Processing",
        "isButton": false,
        "url": "NULL",
        "isSFsymbol": false,
        "textNum": 8,
        "showmode": "image",
        "pageId": 1
    },
    {
        "id": 52,
        "belongRow": "摄影",
        "tipTitle": "拍摄镜像自拍",
        "tipDetails": "拍摄如相机预览所示的自拍。前往“设置”，轻点“相机”，然后打开“镜像前置照片”。",
        "isButton": false,
        "url": "NULL",
        "isSFsymbol": false,
        "textNum": 0,
        "showmode": "image",
        "pageId": 2
    },
    {
        "id": 53,
        "belongRow": "摄影",
        "tipTitle": "快速拍照",
        "tipDetails": "如果您急需使用相机，向左轻扫锁定屏幕即可。",
        "isButton": false,
        "url": "NULL",
        "isSFsymbol": false,
        "textNum": 0,
        "showmode": "image",
        "pageId": 3
    },
    {
        "id": 54,
        "belongRow": "摄影",
        "tipTitle": "快速调整对焦和曝光",
        "tipDetails": "Additional Processing",
        "isButton": false,
        "url": "NULL",
        "isSFsymbol": false,
        "textNum": 9,
        "showmode": "image",
        "pageId": 4
    },
    {
        "id": 55,
        "belongRow": "摄影",
        "tipTitle": "添加人物光效",
        "tipDetails": "Additional Processing",
        "isButton": false,
        "url": "NULL",
        "isSFsymbol": false,
        "textNum": 10,
        "showmode": "image",
        "pageId": 5
    },
    {
        "id": 56,
        "belongRow": "摄影",
        "tipTitle": "创建相簿",
        "tipDetails": "Additional Processing",
        "isButton": false,
        "url": "NULL",
        "isSFsymbol": false,
        "textNum": 11,
        "showmode": "image",
        "pageId": 6
    },
    {
        "id": 57,
        "belongRow": "摄影",
        "tipTitle": "添加“照片”小组件",
        "tipDetails": "Additional Processing",
        "isButton": false,
        "url": "NULL",
        "isSFsymbol": false,
        "textNum": 12,
        "showmode": "image",
        "pageId": 7
    },
    {
        "id": 58,
        "belongRow": "摄影",
        "tipTitle": "查找照片中的文本",
        "tipDetails": "要找特定照片？从主屏幕的中央向下轻扫，然后输入要找的文本。",
        "isButton": false,
        "url": "NULL",
        "isSFsymbol": false,
        "textNum": 0,
        "showmode": "image",
        "pageId": 8
    },
    {
        "id": 59,
        "belongRow": "摄影",
        "tipTitle": "更改实况照片的关键帧",
        "tipDetails": "Additional Processing",
        "isButton": false,
        "url": "NULL",
        "isSFsymbol": false,
        "textNum": 13,
        "showmode": "image",
        "pageId": 9
    },
    {
        "id": 60,
        "belongRow": "摄影",
        "tipTitle": "个性化回忆",
        "tipDetails": "Additional Processing",
        "isButton": false,
        "url": "NULL",
        "isSFsymbol": false,
        "textNum": 14,
        "showmode": "image",
        "pageId": 10
    },
    {
        "id": 61,
        "belongRow": "摄影",
        "tipTitle": "将人物设为减少出现",
        "tipDetails": "Additional Processing",
        "isButton": false,
        "url": "NULL",
        "isSFsymbol": false,
        "textNum": 15,
        "showmode": "image",
        "pageId": 11
    },
    {
        "id": 62,
        "belongRow": "健康",
        "tipTitle": " 添加疫苗接种卡",
        "tipDetails": "若要从提供机构下载您可验证的COVID-19疫苗接种记录，请轻点“添加到Apple钱包与健康”，或扫描二维码。您可以在“钱包”中查看记录，或与其他App 共享。",
        "isButton": false,
        "url": "NULL",
        "isSFsymbol": false,
        "textNum": 0,
        "showmode": "image",
        "pageId": 1
    },
    {
        "id": 63,
        "belongRow": "健康",
        "tipTitle": "与他人共享健康数据",
        "tipDetails": "让亲友随时了解情况。若要开始使用，请轻点“共享”，然后轻点“与他人共享”。选取要共享的数据。",
        "isButton": false,
        "url": "NULL",
        "isSFsymbol": false,
        "textNum": 0,
        "showmode": "image",
        "pageId": 2
    },
    {
        "id": 64,
        "belongRow": "健康",
        "tipTitle": "监控步行稳定性",
        "tipDetails": "iPhone可跟踪您的平衡性和稳定性，并在摔倒风险上升时通知您。在“健康”中，轻点个人头像，轻点“健康核对清单”，然后轻点“步行稳定性通知”。",
        "isButton": true,
        "url": "NULL",
        "isSFsymbol": false,
        "textNum": 0,
        "showmode": "image",
        "pageId": 3
    },
    {
        "id": 65,
        "belongRow": "健康",
        "tipTitle": "跟踪月经周期",
        "tipDetails": "查看周期时间线，记录症状和点滴出血等详细信息，以及获取预测通知。若要开始使用，请轻点“浏览”，然后轻点“经期跟踪”。",
        "isButton": false,
        "url": "NULL",
        "isSFsymbol": false,
        "textNum": 0,
        "showmode": "image",
        "pageId": 4
    },
    {
        "id": 66,
        "belongRow": "健康",
        "tipTitle": "快速拨打电话求助",
        "tipDetails": "在紧急情况下，同时按住侧边按钮和任一音量按钮。iPhone会致电紧急服务并向您医疗急救卡中的联系人发送信息。",
        "isButton": false,
        "url": "NULL",
        "isSFsymbol": false,
        "textNum": 0,
        "showmode": "image",
        "pageId": 5
    },
    {
        "id": 67,
        "belongRow": "Siri",
        "tipTitle": "获取空气质量信息",
        "tipDetails": "您可以询问Siri中国主要城市的空气质量，包括PM2.5和PM10值。像这样说：“广州的空气质量如 何？”",
        "isButton": false,
        "url": "NULL",
        "isSFsymbol": false,
        "textNum": 0,
        "showmode": "image",
        "pageId": 1
    },
    {
        "id": 68,
        "belongRow": "Siri",
        "tipTitle": "打开App",
        "tipDetails": "若要快速打开任何App，请像这样说：“打开计算器。”",
        "isButton": false,
        "url": "NULL",
        "isSFsymbol": false,
        "textNum": 0,
        "showmode": "image",
        "pageId": 2
    }
]
